state,bill_number,title,bill_status,summary
"
Alabama
","
H 489
","
Public K-12 Education
","
Failed - Adjourned
","
Relating to student use of social media; requires course on risks and safety of social media; prohibits student access to social media through local school board internet.
"
"
Alabama
","
HJR 232
","
Protecting Children from Internet Pornography
","
Failed - Adjourned
","
Creates the Interim Study Commission on Protecting Children from Internet Pornography.
"
"
Alaska
","
None
", , , 
"
Arizona
","
S 1343
","
Digital and Media Instruction
","
Failed - Adjourned
","
Relates to Arizona Department of Education; relates to digital and media instruction.
"
"
Arkansas
","
S 66
","
Distribution of Harmful Material Act
","
Enacted
","
Creates the Protection of Minors from Distribution of Harmful Material Act; establishes liability for the publication or distribution of material harmful to minors on the internet; imposes duties on publishers and distributors of material harmful to minors; requires reasonable age verification; provides for individual rights of action; allows for attorney’s fees, court costs and punitive damages.
"
"
Arkansas
","
S 396
","
Social Media Safety Act
","
Enacted
","
Creates the Social Media Safety Act; requires age verification for use of social media; clarifies liability for failure to perform age verification for use of social media and illegal retention of data; requires parental consent; relates to liability for social media companies.
"
"
Arizona
","
S 1343
","
Digital and Media Instruction
","
Failed - Adjourned
","
Relates to Arizona Department of Education; relates to digital and media instruction.
"
"
Arizona
","
S 1503
","
Explicit Content and Age Verification
","
Failed - Adjourned
","
Provides that a commercial entity that intentionally or knowingly publishes or distributes material harmful to minors on the internet from a website that contains a substantial portion of such material shall verify that any person attempting to access material harmful to minors is at least a specified age; provides that verification may be made either using a commercially available database for the purposes of verification and through any other commercially reasonable method of verification.
"
"
Arkansas
","
S 396
","
Social Media Safety Act
","
Enacted
","
Creates the Social Media Safety Act; requires age verification for use of social media; clarifies liability for failure to perform age verification for use of social media and illegal retention of data; requires parental consent; relates to liability for social media companies.
"
"
California
","
A 787
","
Pupil Instruction: Digital Citizenship and Media
","
Pending - Carryover
","
Requires, on or before specified date, the superintendent of public instruction to survey teacher librarians, principals, and technology directors to understand how they are integrating digital citizenship and media literacy education into their curriculum. Requires the superintendent to convene and consult with an advisory committee consisting of specified representatives to develop best practices and recommendations for instruction in digital citizenship and media literacy.
"
"
California
","
A 836
","
Social Media Platform: First Amendment Forum
","
Pending - Carryover
","
Declares that, notwithstanding any law, a social media platform, as defined, shall be considered a traditional First Amendment forum for those purposes, as specified. Requires a social media platform located in the state to develop a policy or mechanism to address content or communications that constitute unprotected speech, including obscenity, incitement of imminent lawless action, and true threats, or that purport to state factual information that is demonstrably false.
"
"
California
","
A 873
","
Pupil Instruction: Media Literacy: Curriculum Framework
","
Enacted
","
Requires the Instructional Quality Commission to consider incorporating the Model Library Standards into the next revision of the English Language Arts/English Language Development curriculum framework after certain date, and to also consider incorporating media literacy content at each grade level. Requires the commission to consider incorporating media literacy content into the mathematics, science, and history-social science curriculum frameworks when those frameworks are next revised after certain date.
"
"
California
","
A 955
","
Controlled Substances
","
Pending - Carryover
","
Makes the sale of fentanyl on a social media platform in the state punishable by imprisonment in a county jail for a specified period.
"
"
California
","
A 1027
","
Social Media Platforms: Drug Safety Policies
","
Enacted
","
Provides that existing law requires a social media platform to create and post a policy statement regarding the use of the platform to illegally distribute controlled substances. Requires a platform to retain content it has taken down or removed for a violation of its policy related to controlled substances for a specified period, except when the platform has a good faith belief that the content is related to offering, seeking, or receiving of gender-affirming health care, mental care, or reproductive care.
"
"
California
","
A 1282
","
Mental Health: Impacts of Social Media
","
Pending - Carryover
","
Requires the Mental Health Services Oversight and Accountability Commission to explore, among other things, the persons and populations that use social media and the negative mental health risks associated with social media and artificial intelligence. Requires the commission to report to specified policy committees of the legislature a statewide strategy to understand, communicate, and mitigate mental health risks associated with the use of social media by children and youth.
"
"
California
","
A 1394
","
Commercial Sexual Exploitation: Child Sexual Abuse
","
Enacted
","
Provides that the California Consumer Privacy Act grants a consumer the right to request that a business delete personal information about the consumer that the business has collected from the consumer. Requires a social media platform to permanently block the instance of reported material and make reasonable efforts to remove and block other instances of the same material from being viewable on the platform if there is a reasonable basis to believe that the material is child sexual abuse material.
"
"
California
","
S 60
","
Social Media Platforms: Controlled Substances
","
Enacted
","
Provides that existing law authorizes a person who is the target of a violent post to seek an order requiring the social media platform to remove the violent post and any related violent post the court determines shall be removed in the interests of justice. Authorizes a person to seek an order requiring a social media platform to remove content that includes an offer to transport, import into this state, sell, furnish, administer, or give away a controlled substance in violation of specified law.
"
"
California
","
S 287
","
Features that Harm Child Users: Civil Penalty
","
Pending - Carryover
","
Prohibits a social media platform from using a design, algorithm or feature that the platform knows, or which by the exercise of reasonable care should have known, causes child users, as defined to do any of certain things, including experience addiction to the social media platform. Subjects a social media platform that knowingly and willfully violates these provisions to a civil penalty and an award of litigation costs and attorney's fees in an action brought only by certain public attorneys.
"
"
California
","
S 680
","
Features that Harm Child Users: Civil Penalty
","
Pending - Carryover
","
Relates to the California Age-Appropriate Design Code Act. Provides that a social media platform is not in violation if the platform instituted and maintained a program of at least quarterly audits of its designs, algorithms, and features that have the potential to cause violations, and the social media platform corrected, within a specified number of days of the completion of the audit, any design, algorithm, or feature discovered by the audit to present more than a de minimis risk of a violation.
"
"
California
","
S 764
","
Social Media Platforms: Minor Users: Civil Penalties
","
Pending - Carryover
","
Prohibits a social media platform from adopting or implementing a policy or practice related to the targeting of content to minors that prioritizes user engagement of minor users with the platform over the safety, health and well-being of the minor users if the platform knows or should know that prioritizing the user engagement of minor users with the platform over the safety, health, and well-being of the minor users has caused harm to minor users or it is reasonably foreseeable that it will cause harm.
"
"
California
","
S 845
","
Let Parents Choose Protection Act of 2023
","
Pending - Carryover
","
Requires large social media platform providers to create, maintain, and make available to specified third-party safety software providers a set of third party-accessible application programming interfaces to allow a third-party safety software provider, upon authorization by a child or a parent or legal guardian of a child, to monitor a child's online interactions, content, and account settings and initiate secure transfers of the child's user data for these purposes.
"
"
Colorado
","
None
", , , 
"
Connecticut
","
H 5025
","
Social Media Accounts
","
Failed
","
Concerns minors and social media accounts; requires a social media company to obtain consent from a minor's parent or guardian before allowing the minor to establish a social media account if the minor is younger than 16 years of age.
"
"
Connecticut
","
H 6253
","
Age-Appropriate Design Code
","
Failed
","
Adopts a Connecticut Age-Appropriate Design Code that creates privacy and safety obligations for providers of online products and services accessed by children.
"
"
Connecticut
","
H 6393
","
Data Privacy Protections for Minors
","
Failed
","
Establishes additional data privacy protections for minors.
"
"
Connecticut
","
S 25
","
Safe Social Media Awareness Weekend
","
Failed
","
Educates students about the safe and responsible use of social media and assists families in developing plans for healthy activities during summer vacation.
"
"
Connecticut
","
S 395
","
Social Media and Parental Consent
","
Failed
","
Concerns social media and parental consent; requires an internet operator to obtain parental consent before allowing a child under 16 years of age to open a social media account with the operator.
"
"
Connecticut
","
S 397
","
Cyberbullying
","
Failed
","
Concerns cyberbullying; establishes additional protections against cyberbullying on social media platforms.
"
"
Connecticut
","
S 405
","
Digital and Social Media Platforms
","
Failed
","
Concerns digital and social media platforms; imposes additional transparency requirements on digital and social media platforms, provide additional privacy protections to persons who use such platforms and ensure accuracy in journalism, and provide for verification of journalists and journalism, on such platforms.
"
"
Connecticut
","
S 654
","
Continuation of the Social Media Impact Study
","
Failed
","
Appropriates funds for continuation of the social media impact study; funds the second year of the Social Media Impact Study.
"
"
Connecticut
","
S 791
","
Take a Break from Social Media Day
","
Failed
","
Designates Take a Break from Social Media Day.
"
"
Delaware
","
None
", , , 
"
District of Columbia
","
None
", , , 
"
Florida
","
H 379
","
Student Use of Social Media Platforms
","
Enacted
","
Relates to technology in K-12 public schools; requires each district school board to adopt an internet safety policy for student access to the internet provided by the school district; provides requirements; requires each school district to prohibit and prevent student access to social media through internet access provided by the school district; provides an exception; prohibits the use of certain platforms on district-owned devices and through internet access provided by the school district.
"
"
Florida
","
H 591
","
Social Media Protection for Minors
","
Failed - Adjourned
","
Relates to social media protection for minors; requires social media platforms to disclose specified information and provide specified resources, measures, and disclaimers; prohibits social media platforms that fail to meet requirements from accepting new accounts from minors; requires Department of Agriculture and Consumer Services to enforce specified provision and implement specified measures; provides fine for violations.
"
"
Florida
","
H 1463
","
Childhood Mental Health Safety and Welfare
","
Failed - Adjourned
","
Relates to childhood mental health, safety, and welfare; revises array of services offered by child and adolescent mental health system of care; requires specified professionals to complete course on technology addiction and pornography addiction; requires warning label be affixed to packaging of certain digital devices; requires commercial entity to verify age of individuals attempting to access certain material online; prohibits entity from retaining personal identifying information; revises definition.
"
"
Florida
","
H 1547
","
Technology Transparency
","
Failed
","
Relates to technology transparency; prohibits officers or salaried employees of governmental entities from using their positions or state resources to make certain requests of social media platforms; prohibits governmental entities from initiating or maintaining certain agreements or working relationships with social media platforms; provides exceptions; prohibits controller from collecting certain consumer information.
"
"
Florida
","
S 52
","
Required Instruction in Public Schools
","
Failed
","
Relates to required instruction in public schools; requires members of the instructional staff of public schools to provide instruction on social medial safety; defines the term social media; requires the Department of Education to make social media safety instructional material available online.
"
"
Florida
","
S 262
","
Technology Transparency
","
Enacted
","
Prohibits officers or salaried employees of governmental entities from using their positions or state resources to make certain requests of social media platforms; prohibits governmental entities from initiating or maintaining agreements or working relationships with social media platforms under a specified circumstance; provides exceptions; prohibits certain conduct by an online platform that provides online services, products, games, or features likely to be predominantly accessed by children.
"
"
Florida
","
S 792
","
Social Media Protection for Minors
","
Failed - Adjourned
","
Relates to social media protection for minors; requires social media platforms to disclose specified information and provide specified resources, measures, and disclaimers; requires the Department of Agriculture and Consumer Services, subject to legislative appropriation, to enforce specified provisions and implement specified measures; provides a fine for violations.
"
"
Florida
","
S 1620
","
Childhood Mental Health Safety and Welfare
","
Failed - Adjourned
","
Relates to childhood mental health, safety, and welfare; revises the array of services offered by the child and adolescent mental health system of care; requires specified mental health care professionals to complete a course on technology addiction and pornography addiction by a specified date; requires that a warning label be affixed to the packaging of certain digital devices.
"
"
Georgia
","
H 338
","
Student Technology Protection Act
","
Pending - Carryover
","
Amends the Quality Basic Education Act, to provide for the inclusion of methods for the promotion of the safe and appropriate use of technology and responsible digital citizenship in the comprehensive character education program; revises requirements for internet safety polices in public schools; requires local boards of education and governing bodies of charter schools to annually submit acceptable-use policies and technology protection measures for review by the State Board of Education.
"
"
Guam
","
None
", , , 
"
Hawaii
","
H 79
","
Standard Based Media Literacy Curriculum
","
Pending - Carryover
","
Provides that when developing a standards-based curriculum and implementing it in a school or complex, at the minimum, the curriculum shall meet specified requirements; provides that school complexes shall be authorized to incorporate media literacy into standards-based curriculum as appropriate, including content that prevents the negative impacts of misinformation, disinformation, digital discrimination, and online hate speech.
"
"
Hawaii
","
S 914
","
Schools Media Literacy Curriculum
","
Pending - Carryover
","
Authorizes school complexes to incorporate media literacy in their standards-based curriculum, including content that prevents negative impacts of misinformation, disinformation, digital discrimination and online hate speech.
"
"
Idaho
","
None
", , , 
"
Illinois
","
H 1522
","
Study Article of the School Code
","
Pending
","
Amends the Courses of Study Article of the School Code; provides that, beginning Jan. 1, 2024, and at least once every three years thereafter, the State Board of Education shall review and submit a report to the General Assembly of recommended revisions to the internet safety education curriculum provisions to ensure the internet safety education curriculum aligns with current best practices and reflects current technology and customary uses of the internet.
"
"
Illinois
","
H 2970
","
Criminal Code
","
Pending
","
Amends the Criminal Code of 2012; creates the offense of unlawful publication of criminal activity; provides that a person commits the offense when he or she knowingly makes a video record or live video of a crime while the crime is being committed and transmits or uploads the video record or live video of the crime to a social media site; provides that a person who commits unlawful publication of criminal activity shall be sentenced to the same penalty as the penalty for the crime being transmitted.
"
"
Illinois
","
H 3880
","
Childrens Privacy Protection and Parental Empowerment
","
Pending
","
Creates the Children's Privacy Protection and Parental Empowerment Act; provides that a business that provides an online service, product, or feature likely to be accessed by children shall take specified actions, including completing a Data Protection Impact Assessment for any online service, product, or feature likely to be accessed by children.
"
"
Illinois
","
H 3943
","
Social Media Content Moderation Act
","
Pending
","
Creates the Social Media Content Moderation Act; provides that a social media company shall post terms of service for each social media platform owned or operated by the company in a manner reasonably designed to inform all users of the social media platform of the existence and contents of the terms of service; provides that on a semiannual basis, a social media company shall submit to the attorney general a terms of service report including specified information.
"
"
Illinois
","
S 1413
","
Pharmaceuticals on Social Media Act
","
Pending
","
Creates the Sale of Pharmaceuticals on Social Media Act; provides that, notwithstanding any other provision of law, no individual shall sell or advertise the sale of a pharmaceutical on social media unless the individual has completed a verification process with specified requirements.
"
"
Illinois
","
S 1739
","
Minor Online Data Privacy Act
","
Pending
","
Creates the Minor Online Data Privacy Act; contains only a short title provision.
"
"
Illinois
","
S 1782
","
Child Labor Law
","
Enacted
","
Amends the Child Labor Law; removes certain languages; sets forth certain information a vlogger is required to annually report to the Department of Labor, including, but not limited to the name and documentary proof of the age of the minor engaged in the work of vlogging, the number of vlogs that generated compensation during the reporting period and the total number of minutes each minor was featured in vlogs during the reporting period.
"
"
Illinois
","
S 1784
","
Child Labor Law
","
Pending
","
Amends the Child Labor Law; provides that a vlogger who features a minor child in a specified amount of the vlogger's content shared on an online platform must set aside a specified amount of gross earnings on the video content in a trust account to be preserved for the benefit of the minor upon reaching the age of majority; provides for the requirements of the trust account; defines terms.
"
"
Illinois
","
SR 249
","
Minors and Social Media Harmful Algorithms
","
Adopted
","
Urges the federal government to uphold its duty to create regulations that promote the well-being of minors and protect them from negative and harmful social media algorithms.
"
"
Indiana
","
S 142
","
Internet Safety Curricula for Schools
","
Failed - Adjourned
","
Relates to internet safety curricula for schools; provides that a school corporation may include instruction regarding internet safety in the school corporation's curriculum; requires the Department of Education to develop, not later than the specified date, age-appropriate curricula in internet safety for use at multiple grade levels and specifies topics that must be included in the curricula.
"
"
Iowa
","
H 526
","
Social Media Users
","
Pending - Carryover
","
Relates to social media users under the specified age; makes penalties applicable; includes applicability provisions.
"
"
Iowa
","
H 712
","
Social Media Data Collection Regarding Children
","
Pending - Carryover
","
Relates to social media data collection regarding children under 18 years of age; provides civil penalties; includes applicability provisions.
"
"
Kansas
","
S 222
","
Online Platforms and Removal of Liability Protections
","
Pending - Carryover
","
Relates to removing liability protections from online platforms and requiring certain wireless communication devices to have a default setting notifying parents of application downloads.
"
"
Kentucky
","
H 476
","
Protection of Minors
","
Failed - Adjourned
","
Defines terms; establishes a cause of action against any commercial entity that publishes matter harmful to minors on the internet without obtaining age verification; requires removal of personal data following review for access; establishes civil penalties for violations.
"
"
Louisiana
","
H 61
","
Contracts
","
Enacted
","
Relates to contracts with minors; relates to interactive computer services; provides for consent by a legal representative; provides for exceptions; provides for nullity; provides for definitions; provides for an effective date.
"
"
Louisiana
","
S 162
","
Commercial Regulations
","
Enacted
","
Creates the Secure Online Child Interaction and Age Limitation Act.
"
"
Maine
","
None
", , , 
"
Maryland
","
H 254
","
Social Media Regulation of Minors Accounts
","
Failed - Adjourned
","
Regulates children's social media accounts on large social media platforms in the state; requires large social media platforms to identify all public social media accounts created or operated by unauthorized minors and delete all associated user data; penalizes a large social media platform that violates the Act with a specified amount of fine per violation to be deposited in the Digital Citizenship Fund.
"
"
Maryland
","
H 711
","
Social Networks Public Service Advertisements and Fees
","
Failed - Adjourned
","
Requires certain social networks to dedicate at least 2% of advertisements on their platforms to certain public service announcements; requires certain social networks to pay a certain 9-1-1 social network fee; requires the comptroller to perform certain duties relating to the collection of the 9-1-1 social network fee.
"
"
Maryland
","
S 799
","
Public Schools Cyber Safety Guide
","
Failed - Adjourned
","
Requires the state Department of Education, the Behavioral Health Administration within the State Department of Health, the Maryland Center for School Safety, and the Department of Information Technology jointly to develop and publish a cyber safety guide to be made available in public schools beginning in the 2024-2025 school year; requires the cyber safety guide to be developed in consultation with professionals who specialize in child development and child psychology.
"
"
Maryland
","
S 844
","
Online Products Data Protection Impact Assessment
","
Failed - Adjourned
","
Requires a business that offers an online product likely to be accessed by children to complete a certain data protection impact assessment under certain circumstances, prohibits a business from offering a certain online product before completing a data protection impact assessment, requires businesses to document certain risks associated with certain online products, requires certain privacy protections for certain online products, prohibits certain data collection and sharing practices.
"
"
Massachusetts
","
H 80
","
Internet Privacy Rights for Children
","
Pending
","
Relates to internet privacy rights for children.
"
"
Massachusetts
","
H 560
","
Media Literacy in Schools
","
Pending
","
Relates to media literacy in schools.
"
"
Massachusetts
","
H 1893
","
Social Media Consumer Privacy Protection
","
Pending
","
Relates to social media consumer privacy protection.
"
"
Massachusetts
","
H 1986
","
Social Media Safety
","
Pending
","
Relates to the investigation by a special commission to promote safe social media use, identify best practices for social media platforms to safeguard children's mental health, and develop guidelines for safe social media use.
"
"
Michigan
","
H 4414
","
Data Security
","
Pending
","
Provides department to create resources concerning digital literacy and cyber safety on public website.
"
"
Minnesota
","
H 192
","
Education Finance
","
Pending - Carryover
","
Relates to education finance; promotes digital well-being education and training for the health, mental well-being, and learning of all Minnesota students as it relates to the use of digital media; appropriates money for a Minnesota-based organization that collaborates with communities to promote digital well-being.
"
"
Minnesota
","
H 1503
","
Consumer Protection
","
Pending - Carryover
","
Relates to consumer protection; prohibits certain social media algorithms that target children; prohibits from using a social media algorithm to target user-generated content at an account holder who is under the age of 18.
"
"
Minnesota
","
H 2257
","
Minnesota Age-Appropriate Design Code Act
","
Pending - Carryover
","
Provides that a business that develops and provides online services, products, or features that children are likely to access must consider the best interests of children when designing, developing, and providing that online service, product, or feature; provides for civil penalties.
"
"
Minnesota
","
S 163
","
Education Finance
","
Pending - Carryover
","
Relates to education finance; promotes digital well-being education and training for the health, mental well-being, and learning of all Minnesota students as it relates to the use of digital media; appropriates money for a Minnesota-based organization that collaborates with communities to promote digital well-being.
"
"
Minnesota
","
S 2101
","
Consumer Protection
","
Pending - Carryover
","
Relates to consumer protection; prohibits certain social media algorithms that target children.
"
"
Minnesota
","
S 2810
","
Consumer Data Privacy
","
Pending - Carryover
","
Relates to consumer data privacy; creates the Minnesota Age-Appropriate Design Code Act; places obligations on certain businesses regarding children's consumer information; provides for enforcement by the attorney general; provides that a business that develops and provides online services, products, or features that children are likely to access must consider the best interests of children when designing, developing, and providing that online service, product, or feature.
"
"
Mississippi
","
H 1091
","
Material Harmful to Minors on the Internet
","
Failed
","
Requires a commercial entity that publishes material harmful to minors on the internet to be held civilly liable whenever the entity fails to perform reasonable age verification methods on persons seeking access to the material; prohibits a commercial entity from retaining identifying information of persons seeking access to the material; declares legislative findings; defines certain terms.
"
"
Mississippi
","
H 1382
","
Social Media Company Community Standards
","
Failed
","
Requires a court of original jurisdiction to issue an injunction when a plaintiff demonstrates the violation of a social media company's community standards or policies by a defendant's communications on the social media company's platform; authorizes the court of original jurisdiction to enjoin the defendant, any social media company that distributes, hosts or disseminates the defendant's communication, or any corporate sponsor of the defendant; authorizes the court of original jurisdiction to consider filing criminal charges related to the communications to be enjoined as a factor in determining whether the defendant has violated a social media company's community standards or policies; to provide that a criminal conviction related to the communications that are the subject of the petition shall be sufficient evidence to merit the issuance of a permanent injunction under this section; to amend section 97-45-15, Mississippi Code of 1972, to define the term ""harass;"" and for related purposes.
"
"
Mississippi
","
S 2346
","
Pornographic Media Exposure to Children
","
Enacted
","
Regulates pornographic media exposure to children; provides the legislative intent; provides definitions; requires commercial entities that provide such content to have age verification systems; provides liability for those commercial entities that do not provide age verification.
"
"
Mississippi
","
S 2886
","
Material Harmful to Minors
","
Failed
","
Requires that any commercial entity that knowingly or intentionally publishes or distributes material harmful to minors on the internet from a website that contains a substantial portion of such material shall be held liable if the entity fails to perform reasonable age verification methods to verify the age of individuals attempting to access the material; states legislative intent and findings; defines terms; provides that this act shall not apply to bona fide news.
"
"
Mississippi
","
SCR 562
","
Walker Montgomery National Catfishing Awareness Month
","
Adopted
","
Designates October 2023 as Walker Montgomery National Catfishing Awareness Month in the state to bring attention to the victims of catfishing on social media and to direct the state board of mental health to develop recommendations to the legislature.
"
"
Missouri
","
H 492
","
Media Literacy and Critical Thinking Act
","
Failed - Adjourned
","
Establishes the Media Literacy and Critical Thinking Act.
"
"
Missouri
","
H 1249
","
Media Literacy and Critical Thinking Act
","
Failed - Adjourned
","
Establishes the Media Literacy and Critical Thinking Act.
"
"
Missouri
","
S 678
","
Media Literacy and Critical Thinking Act
","
Failed - Adjourned
","
Establishes the Media Literacy and Critical Thinking Act, which requires the Department of Elementary and Secondary Education to establish the Media Literacy and Critical Thinking pilot program.
"
"
Montana
","
H 770
","
Electronic and Social Media Communications Regulation
","
Failed
","
Revises regulation of electronic and social media communications; relates to communications; relates to crimes; relates to information technology; relates to liability; relates to state government.
"
"
Montana
","
HJR 26
","
Regulation of Social Networking Services
","
Failed
","
Requests an interim study of the ability for the state to regulate social networking services; requires that the results of the study be reported to the 69th legislature; reviews the current powers of the Montana Department of Justice to enforce penalties on federally regulated entities.
"
"
Montana
","
S 419
","
TikTok in State
","
Enacted
","
Bans TikTok in the state; prohibits an internet service provider from allowing the operation of TikTok in the state; prohibits a mobile application store from offering the TikTok application to state users; provides for penalties; provides for enforcement authority; provides definitions; provides for contingent voidness.
"
"
Montana
","
S 544
","
Internet Laws Related to Material Harmful to Minors
","
Enacted
","
Provides for liability for the publishing or distribution of material harmful to minors on the internet; provides for reasonable age verification; provides for individual rights of action; provides for attorney fees, court costs and punitive damages; provides for exceptions; requires a report by the Department of Justice for enforcement activity; provides for a fee; provides definitions.
"
"
Nebraska
","
L 106
","
Digital Grooming of a Vulnerable Adult
","
Pending - Carryover
","
Creates the offense of digital grooming of a vulnerable adult and prohibits using an electronic communication device or social media to engage in certain conduct with vulnerable adults.
"
"
Nebraska
","
L 107
","
Digital Grooming
","
Pending - Carryover
","
Creates the offense of digital grooming and prohibits using an electronic communication device or social media to engage in certain conduct with minors.
"
"
Nevada
","
A 320
","
Internet Privacy
","
Failed
","
Relates to internet privacy; imposes certain requirements on certain businesses that provide an online service, product or feature that is likely to be accessed by children; exempts certain information and entities from those requirements; provides a civil penalty for violations of those requirements; requires the attorney general to take certain actions before bringing a civil action against a business to recover such a civil penalty under certain circumstances.
"
"
New Hampshire
","
None
", , , 
"
New Jersey
","
A 1992
","
School Smart Phone and Social Media Usage Study
","
Failed - Adjourned
","
Establishes commission to study effects on adolescents of smart phone and social media usage in school.
"
"
New Jersey
","
A 4919
","
Childrens Data Protection Commission
","
Failed - Adjourned
","
Concerns social media privacy and data management for children and establishes New Jersey Children's Data Protection Commission.
"
"
New Jersey
","
A 5069
","
Social Media Platforms Child Safety
","
Failed - Adjourned
","
Prohibits social media platforms from using certain practices or features that cause child users to become addicted to platform.
"
"
New Jersey
","
A 5394
","
Social Media Local Law Enforcement Protocols
","
Failed - Adjourned
","
Requires local law enforcement develop protocol for social media in certain circumstances.
"
"
New Jersey
","
A 5474
","
Online Video Blogs Children Rights and Privacy
","
Failed - Adjourned
","
Protects monetary rights and privacy of minor children featured in online video blogs.
"
"
New Jersey
","
A 5744
","
Social Media Dangers Public Awareness Campaign
","
Failed – Adjourned
","
Establishes public awareness campaign on dangers of social media use to minors; appropriates funds.
"
"
New Jersey
","
A 5750
","
Social Media Platforms Minors Restrictions
","
Failed – Adjourned
","
Requires age verification and parent or guardian consent for a minor's use of a social media platform; provides that a social media company shall use an independent third party to verify the validity of government-issued identification or an alternate form of identification, and implement privacy protocols to ensure that information from the government-issued identification or alternate form of identification is not stored by the social media company following the completion of the verification process.
"
"
New Jersey
","
A 5845
","
Online Gaming Platforms Human Trafficking Prevention
","
Failed – Adjourned
","
Requires the Commission on Human Trafficking to identify methods to prevent human trafficking through online gaming platforms.
"
"
New Jersey
","
AR 167
","
Parental Consent for Social Media Use
","
Adopted
","
Urges the president and Congress to enact legislation that requires parental consent for children under 16 years of age to use social media and other websites.
"
"
New Jersey
","
AR 191
","
Kids Online Safety Act
","
Pending
","
Urges Congress and President of the United States to enact the Kids Online Safety Act.
"
"
New Jersey
","
S 715
","
School Adolescent Smart Phone Usage Study
","
Enacted
","
Establishes the Commission on the Effects of Social Media Usage on Adolescents to study social media usage in and out of public schools and to determine the effects that use has on the health and academic performance of students; provides for membership, including a member with demonstrated expertise in the collection, usage and analysis of data concerning social media and a school nurse from the New Jersey State School Nurses Association.
"
"
New Jersey
","
S 3493
","
Children Data Protection Commission
","
Pending
","
Concerns social media privacy and data management for children and establishes the State Children's Data Protection Commission.
"
"
New Jersey
","
S 3608
","
Social Media Platforms Child User Protections
","
Pending
","
Prohibits social media platforms from using certain practices or features that cause child users to become addicted to platform.
"
"
New Jersey
","
S 4215
","
Social Media Platform Age Verification
","
Failed – Adjourned
","
Requires age verification and parent or guardian consent for minor's use of social media platforms; prohibits certain messaging between adults and minors; provides that the term social media platform shall not include an internet-based service or application for which interactions between users are solely related to the provision of direct messages, commercial and financial transactions, peer-to-peer payments, consumer engagement around products, product reviews, sellers, services, events or places.
"
"
New Mexico
","
None
", , , 
"
New York
","
A 35
","
Commissioner of Education
","
Pending
","
Directs the commissioner of education to appoint a media literacy advisory group to study the teaching of media literacy; requires such group to survey all school districts.
"
"
New York
","
A 94
","
Commissioner of Education
","
Pending
","
Directs the commissioner of education to appoint a media literacy advisory committee to study the teaching of media literacy; requires such committee to annually review policy on media literacy.
"
"
New York
","
A 312
","
Laws Benefiting Child Performers
","
Pending
","
Relates to establishing protections for minors who are featured in influencer-generated content; provides that a minor under the specified age is considered engaged in work as an influencer when the specified criteria are met at any time during the previous period of a certain number of months; provides that a minor engaged in work as an influencer shall not be deemed a child performer regarding such work as an influencer.
"
"
New York
","
A 927
","
Interactive Computer Service Providers
","
Pending
","
Prevents interactive computer service providers from knowingly or negligently promoting developed content that is dangerous or otherwise injurious to minors; assesses a civil penalty to social media networks that knowingly or negligently promote such content.
"
"
New York
","
A 936
","
Parental Disclosures by Internet Platforms
","
Pending
","
Provides that upon request from a verified parent of a minor, an operator service who collects or maintains personal information from or about the user of or visitors to an platform or online service shall, to the extent practicable provide the verified parent with digital or physical copies of all advertisements and other content which the minor was shown by the operator on the operator's platform that were shown solely based on the minor's identifiers.
"
"
New York
","
A 1108
","
Interactive Computer Service Providers
","
Pending
","
Prohibits interactive computer service providers from knowingly promoting content to a targeted user and with the intention of developing the content, cause the user extreme emotional harm, physical injury or financial injury.
"
"
New York
","
A 1695
","
Set of Media Literacy Standards for Students
","
Pending
","
Creates a set of media literacy standards for students in grades kindergarten through 12 which focuses on internet safety, civility and digital citizenship.
"
"
New York
","
A 1942
","
Knowing and Reckless Promotion of False Material
","
Pending
","
Prohibits the knowing and reckless promotion of unlawful or false material; provides remedies for the violation of such prohibition.
"
"
New York
","
A 4967
","
Child Data Privacy Protection Act
","
Pending
","
Amends the General Business Law; enacts the state child data privacy protection act to prevent the exploitation of children's data; requires data controllers to assess the impact of its products on children for review by the Bureau of Internet and Technology; bans certain data collection and targeted advertising.
"
"
New York
","
A 5505
","
State Interagency Task Force on Human Trafficking
","
Pending
","
Directs the New York state Interagency Task Force on Human Trafficking to investigate connections between social media and human trafficking.
"
"
New York
","
A 6789
","
Social Media Companies Terms of Service
","
Pending
","
Provides that a social media company shall post terms of service for each social media platform owned or operated by the company in a manner reasonably designed to inform all users of the social media platform of the existence and contents of the terms of service; provides that the terms of service shall include specified information; provides that a social media company shall electronically submit a semiannual terms of service report to the attorney general.
"
"
New York
","
A 8101
","
Social Media Networks
","
Pending
","
Requires social media networks to use a third-party vendor to verify the age of new and existing social media account holders.
"
"
New York
","
A 8148
","
Stop Addictive Feeds Exploitation for Kids Act
","
Pending
","
Establishes the Stop Addictive Feeds Exploitation (SAFE) for Kids Act prohibiting the provision of addictive feeds to minors by addictive social media platforms; establishes remedies and penalties.
"
"
New York
","
A 8314
","
Online Products Targeted Towards Children
","
Pending
","
Requires online products targeted towards children provide features to protect child users including providing screen time controls, prohibiting the promotion of harmful or illegal activities; removes features which inappropriately amplify the level of engagement a child user has with the online product.
"
"
New York
","
S 395
","
Task Force on Human Trafficking
","
Enacted
","
Directs the New York State Interagency Task Force on Human Trafficking to investigate connections between social media and human trafficking; provides that the task force shall take specified actions, including but not limited to evaluating the use of social media in and its contribution to human trafficking.
"
"
New York
","
S 577
","
Promotion of Unlawful or False Material
","
Pending
","
Prohibits the knowing and reckless promotion of unlawful or false material; provides remedies for the violation of such prohibition.
"
"
New York
","
S 895
","
Social Media Companies
","
Pending
","
Requires social media companies to post terms of service for each social media platform owned or operated by the company in a manner reasonably designed to inform all users of the social media platform of the existence and contents of the terms of service; requires social media companies to submit to the attorney general certain terms of service reports; provides remedies for violations.
"
"
New York
","
S 1433
","
Social Media Monitoring Safety Act
","
Pending
","
Enacts the Social Media Monitoring Safety Act to provide data analytic resources and funding to every school district to facilitate the monitoring of social media activities to provide early-detection information of possible threats to a student's health and the safety of the school; makes an appropriation therefor.
"
"
New York
","
S 2319
","
Interactive Computer Service Providers
","
Pending
","
Prevents interactive computer service providers from knowingly or negligently promoting developed content that is dangerous or otherwise injurious to minors; assesses a civil penalty to social media networks that knowingly or negligently promote such content.
"
"
New York
","
S 2324
","
Parental Disclosures by Internet Platforms
","
Pending
","
Discloses to a parent the personal information and content about a minor collected by an operator of an internet platform when a parent requests such information.
"
"
New York
","
S 3281
","
State Child Data Privacy Protection Act
","
Pending
","
Enacts the New York Child Data Privacy Protection Act to prevent the exploitation of children's data; requires data controllers to assess the impact of its products on children for review by the bureau of internet and technology; bans certain data collection and targeted advertising.
"
"
New York
","
S 4848
","
Interactive Computer Service Providers
","
Pending
","
Prohibits interactive computer service providers from knowingly promoting content to a targeted user and with the intention of developing the content, cause the user extreme emotional harm, physical injury or financial injury.
"
"
New York
","
S 6418
","
Regulation of Social Media Companies and Platforms
","
Pending
","
Relates to the regulation of social media companies and social media platforms; provides for age requirements for the use of social media and parental consent; prohibits certain data collection from social media accounts; limits the hours a minor can have access to social media; establishes penalties for violations.
"
"
New York
","
S 6686
","
Social Media Open Application Programming
","
Pending
","
Relates to social media open application programming; requires social media platform to implement and maintain a standards-based application programming interface that permits third-party applications to retrieve data at no cost to be used for the user's benefit and to provide certain information to users; requires social media companies to submit a report to the attorney general.
"
"
New York
","
S 7662
","
Statewide Youth Mental Health and Social Media Campaign
","
Pending
","
Establishes a statewide youth mental health and social media campaign to promote public awareness of the impacts of social media usage on mental health; requires a course of study on social media usage for all students.
"
"
New York
","
S 7694
","
Stop Addictive Feeds Exploitation for Kids Act
","
Pending
","
Establishes the Stop Addictive Feeds Exploitation (SAFE) for Kids Act prohibiting the provision of addictive feeds to minors by addictive social media platforms; establishes remedies and penalties.
"
"
North Carolina
","
H 644
","
Social Media Addiction
","
Pending
","
Combats social media addiction by requiring that social media platforms respect the privacy of state users' data and not use a state minor's data for advertising or algorithmic recommendations and makes willful violations of data user privacy an unfair practice under General Statutes.
"
"
North Carolina
","
H 773
","
Let Parents Choose or Sammy's Law of 2023
","
Pending
","
Enacts the Let Parents Choose Protection Act of 2023 to facilitate management of the social media interactions of children.
"
"
North Dakota
","
None
", , , 
"
N. Mariana Islands
","
Not available
", , , 
"
Ohio
","
None
", , , 
"
Oklahoma
","
H 2420
","
State Department of Education
","
Pending - Carryover
","
Directs the State Department of Education to develop best practices and recommendations for instruction in digital citizenship, internet safety and media literacy.
"
"
Oklahoma
","
S 988
","
Consumer Protection
","
Pending - Carryover
","
Relates to consumer protection; relates to unlawful practices; prohibits the targeting to minors of content or messages containing obscene material; provides an effective date.
"
"
Oregon
","
H 3071
","
Effects of Social Media Among Youth
","
Failed
","
Requires the State Health Authority to study the effects of social media and cell phone use among youth.
"
"
Oregon
","
S 196
","
Online Products Services or Features
","
Failed
","
Requires business that provides online product, service or feature that a child is reasonably likely to access to identify, evaluate and mitigate risks to the child from online product, service or feature.
"
"
Oregon
","
S 257
","
Pornography Access Age Verification
","
Failed
","
Relates to verification of age of majority as a condition of a resident individual’s access to pornography; requires a person that provides public access to pornography to verify that resident individual is a specified age or older before granting access.
"
"
Pennsylvania
","
H 473
","
Media Literacy Education
","
Pending
","
Amends the act known as the Public School Code, in terms and courses of study; provides for media literacy education.
"
"
Pennsylvania
","
H 602
","
Social Media Opioid Bill
","
Pending
","
Amends the act known as The Controlled Substance, Drug, Device and Cosmetic Act; provides for reporting requirements of interactive computer service providers; imposes penalties.
"
"
Pennsylvania
","
HR 25
","
Social Media Platforms and Websites
","
Pending
","
Establishes a task force to study social media platforms and websites on which suicide is encouraged.
"
"
Pennsylvania
","
HR 73
","
Gun Violence and The Use of Social Media
","
Pending
","
Directs the Legislative Budget and Finance Committee to study, analyze and report on the relationship between gun violence and the use of social media.
"
"
Pennsylvania
","
S 22
","
Protection of Minors on Social Media
","
Pending
","
Amends Title 50 Mental Health of the Pennsylvania Consolidated Statutes; provides for protection of minors on social media; imposes penalties.
"
"
Pennsylvania
","
S 496
","
Media Literacy Education
","
Pending
","
Amends the act known as the Public School Code, in terms and courses of study; provides for media literacy education.
"
"
Puerto Rico
","
H 262
","
Cyber Privacy Protection Law
","
Pending
","
Creates the law for the protection of cyber privacy of our children and young people to prohibit any operator, employee or agent of an internet page classified as a social network, as defined herein, from publishing and or disclosing personal information of underage users residing in Puerto Rico, beyond the name and city where they reside, without the express consent of these and that of the father, mother or guardian with parental authority.
"
"
Puerto Rico
","
HJR 559
","
Public Broadcasting
","
Pending
","
Orders the Police Bureau, the Department of Education and the Puerto Rico Corporation for Public Broadcasting, to jointly carry out a cycle of orientations to the parents or guardians of the students of the public education system and to the public in general, about the risks of uploading photos of minors on social networks.
"
"
Puerto Rico
","
S 1240
","
Prevention of Mistreatment
","
Pending
","
Amends the law for the prevention of mistreatment, preservation of the family unit and for the safety, well-being and protection of minors; broadens the definition of negligence for provide as a type of abuse the modality in which the father, mother or responsible person exposes a minor to smart devices or electronic and communication media without taking technological, automatic or mechanical measures to prevent a minor from being controlled, manipulated, monitored and/or cyberbullied.
"
"
A. Samoa
","
Not available
", , , 
"
South Carolina
","
H 3021
","
Obscenity Law
","
Pending - Carryover
","
Defines certain terms, prohibit the distribution of sensitive crime scene images on social media or through other similar means; provides a penalty.
"
"
South Carolina
","
S 404
","
Internet Based Application Prohibition
","
Pending - Carryover
","
Prohibits operators of internet-based applications from using automated decision systems to place content on social media platforms for users under the specified age who are residents of the state; requires operators to perform age-verification practices for certain users; establishes that a violation is an unfair or deceptive act or practice under the state unfair trade practices act, and for other purposes.
"
"
South Dakota
","
None
", , , 
"
Tennessee
","
None
", , , 
"
Texas
","
H 18
","
Protection of Minors
","
Enacted
","
Relates to the protection of minors from harmful, deceptive, or unfair trade practices in connection with the use of certain digital services and electronic devices, including the use and transfer of electronic devices to students by a public school.
"
"
Texas
","
H 22
","
Drug Induced Abortions
","
Failed - Adjourned
","
Relates to abortion, including civil liability for distribution of abortion-inducing drugs and duties of internet service providers; creates a criminal offense; authorizes a private civil right of action.
"
"
Texas
","
H 99
","
Digital Citizenship Instruction in Public Schools
","
Failed - Adjourned
","
Relates to digital citizenship instruction in public schools.
"
"
Texas
","
H 896
","
Use of Social Media Platforms by Children
","
Failed - Adjourned
","
Relates to prohibiting use of social media platforms by children.
"
"
Texas
","
H 1181
","
Restricting Access to Pornographic Materials
","
Enacted
","
Relates to the publication or distribution of sexual material harmful to minors on an internet website; provides a civil penalty.
"
"
Texas
","
H 1594
","
Duties of Social Media Companies Regarding Prostitution
","
Failed - Adjourned
","
Relates to the duties of social media companies regarding prostitution and trafficking of persons; creates a criminal offense.
"
"
Texas
","
H 2155
","
Social Media Algorithm Prohibitions
","
Failed - Adjourned
","
Relates to prohibiting social media platforms from using certain social media algorithms to target minors.
"
"
Texas
","
H 2206
","
Prohibition of Certain Social Media Platforms
","
Failed - Adjourned
","
Relates to a prohibition of certain social media platforms developed or provided by certain foreign entities.
"
"
Texas
","
H 2690
","
Liability for Distribution of Abortion Inducing Drugs
","
Failed - Adjourned
","
Relates to abortion, including civil liability for distribution of abortion-inducing drugs and duties of internet service providers; creates a criminal offense; authorizes a private civil right of action.
"
"
Texas
","
H 2790
","
School Access to Social Media and Social Networking
","
Failed - Adjourned
","
Relates to access to social media and social networking websites on public school campuses.
"
"
Texas
","
H 3134
","
Notification of Social Media Posted Threats
","
Failed - Adjourned
","
Relates to requiring social media platform operators to identify and notify law enforcement of credible threats of violence published on their platforms; creates a criminal offense.
"
"
Texas
","
H 3357
","
Civil Liability for Obscenity
","
Failed - Adjourned
","
Relates to civil liability for obscenity.
"
"
Texas
","
H 3570
","
Restricting Access to Sexual Material Harmful to Minors
","
Failed - Adjourned
","
Relates to restricting access to sexual material harmful to minors on an internet website.
"
"
Texas
","
H 3585
","
Restricting Access to Sexual Material Harmful to Minors
","
Failed - Adjourned
","
Relates to restricting access to sexual material harmful to minors on an internet website.
"
"
Texas
","
H 4412
","
Minors and Digital Service Provider Agreements
","
Failed - Adjourned
","
Relates to online agreements between certain minors and certain digital service providers.
"
"
Texas
","
H 4804
","
Social Media Platforms to Include Certain Warnings
","
Failed - Adjourned
","
Relates to requiring social media platforms to include certain warnings in connection with advertisements for medical procedures or treatments conducted in a foreign country.
"
"
Texas
","
H 5104
","
Technology Applications Curriculum
","
Failed - Adjourned
","
Relates to the essential knowledge and skills of the technology applications curriculum for public school students.
"
"
Texas
","
HCR 46
","
Pass Legislation to Protect Children
","
Failed - Adjourned
","
Urges Congress to pass legislation to protect children from the harms of social media.
"
"
Texas
","
S 2021
","
Websites Containing Sexual Material Harmful to Minors
","
Failed - Adjourned
","
Relates to requirements for certain internet websites containing sexual material harmful to minors.
"
"
Texas
","
S 2141
","
Essential Knowledge and Skills Curriculum
","
Failed - Adjourned
","
Relates to the essential knowledge and skills of the technology applications curriculum for public school students.
"
"
Texas
","
S 2164
","
Restricting Access to Sexual Material Harmful to Minors
","
Failed - Adjourned
","
Relates to restricting access to sexual material harmful to minors on an internet website.
"
"
Texas
","
S 2255
","
Social Media Companies and Law Enforcement Cooperation
","
Failed - Adjourned
","
Relates to cooperation between social media companies and law enforcement agencies; imposes a civil penalty.
"
"
Texas
","
H 22, Second Special Session
","
Drug Induced Abortions
","
Failed - Adjourned
","
Relates to abortion, including civil liability for distribution of abortion-inducing drugs and duties of internet service providers; creates a criminal offense; authorizes a private civil right of action.
"
"
Utah
","
H 311
","
Social Media Usage Amendments
","
Enacted
","
Regulates interactive computer services and the use and design of social media platforms; enacts the Utah Social Media Regulation Act; prohibits a social media company from using a design or feature that causes a minor to have an addiction to the company's social media platform; grants the Division of Consumer Protection enforcement and auditing authority to enforce requirements under the act; authorizes a private right of action to collect attorney fees and damages from a social media company.
"
"
Utah
","
H 524
","
Social Media Usage Modifications
","
Failed
","
Authorizes the Division of Consumer Protection to administer and enforce the Utah Digital Expression Act; requires a social media company to publicly disclose information regarding its information management and its content moderation practices; requires a social media company to publish an acceptable use policy on prohibited material and content compliance; requires a social media company to have an easily accessible complaint and appeal process for complaint resolution.
"
"
Utah
","
S 74
","
Digital Wellness Citizenship and Safe Technology
","
Failed
","
Requires the Digital Wellness, Citizenship, and Safe Technology Commission to study and prepare a report on age-appropriate social media use for minors; extends the repeal date for the commission.
"
"
Utah
","
S 152
","
Social Media Regulation Amendments
","
Enacted
","
Enacts the Utah Social Media Regulation Act; requires a social media company to verify the age of state residents; requires a social media company to obtain the consent of a parent or guardian before a state resident under a specified age may maintain or open an account; prohibits a social media company from permitting a person to open an account if that person does not meet age requirements under state or federal law; provides for a private right of action.
"
"
Utah
","
S 287
","
Online Pornography Viewing Age Requirements
","
Enacted
","
Creates obligations and liabilities for a commercial entity that provides pornography or other materials harmful to minors; provides that a commercial entity that knowingly and intentionally publishes or distributes material harmful to minors on the internet from a website that contains a substantial portion of such material shall be held liable if the entity fails to perform reasonable age verification methods to verify the age of an individual attempting to access the material.
"
"
Vermont
","
None
", , , 
"
Virginia
","
H 1391
","
Commission on Social Media
","
Failed
","
Relates to Commission on Social Media established; relates to report; establishes the 20-member Commission on Social Media in the legislative branch to study and make recommendations on the impacts and harms to citizens caused by social media platforms hosting or amplifying content that includes threats or suggestions of physical violence or danger toward citizens, institutions, groups, associations, or physical structures of the commonwealth; provides that the commission will study the impact.
"
"
Virginia
","
H 1575
","
Safety While Accessing Technology Education Program
","
Enacted
","
Provides that the Internet Safety Advisory Council may collaborate with law-enforcement agencies, criminal justice agencies, and other nongovernmental organizations with expertise in child online safety issues and human trafficking prevention; provides that the council shall develop adoption model instructional practices for and instructional content on the safe use of media and technology by students and teachers in public elementary and secondary schools in the commonwealth.
"
"
Virginia
","
S 1515
","
Material Harmful to Minors on the Internet
","
Enacted
","
Provides that any commercial entity that knowingly publishes or distributes material harmful to minors on the internet from a website that contains a substantial portion of such material shall, through the use of a commercially available database that is regularly used by businesses or governmental entities for the purpose of age and identity verification or another commercially reasonable method, verify that any person attempting to access material is a certain age or older; provides for civil liability.
"
"
U.S. Virgin Islands
","
None
", , , 
"
Washington
","
H 1627
","
For Profit Family Vlogs and Minor Children
","
Pending
","
Protects the interests of minor children featured on for-profit family vlogs.
"
"
Washington
","
S 5626
","
Media Literacy and Digital Citizenship
","
Pending - Carryover
","
Expands and enhances media literacy and digital citizenship in various school.
"
"
West Virginia
","
H 2460
","
Online Privacy Protection Laws for Children
","
Failed - Adjourned
","
Provides online privacy protection laws for children.
"
"
West Virginia
","
H 2964
","
Online Privacy Protection for Minors
","
Failed - Adjourned
","
Relates to online privacy protection for minors.
"
"
Wisconsin
","
A 373
","
Use of Social Media Platforms by Minors
","
Pending
","
Concerns use of social media platforms by minors; grants rulemaking authority; provides a penalty.
"
"
Wisconsin
","
S 385
","
Use of Social Media Platforms by Minors
","
Pending
","
Relates to the use of social media platforms by minors; grants rulemaking authority; provides for a penalty.
"
"
Wyoming
","
None
", , , 
